<?xml version="1.0" encoding="UTF-8"?><?xml-stylesheet type='text/xsl' href='_UpgradeReport_Files/UpgradeReport.xslt'?><UpgradeLog>
<Properties><Property Name="Solution" Value="Chinchilla">
</Property><Property Name="Solution File" Value="D:\chinchilla\Chinchilla.sln">
</Property><Property Name="User Options File" Value="D:\chinchilla\Chinchilla.suo">
</Property><Property Name="Date" Value="2013年5月16日">
</Property><Property Name="Time" Value="13:49">
</Property></Properties><Event ErrorLevel="0" Project="" Source="Chinchilla.sln" Description="File successfully backed up as D:\chinchilla\Backup\Chinchilla.sln">
</Event><Event ErrorLevel="0" Project="" Source="Chinchilla.suo" Description="File successfully backed up as D:\chinchilla\Backup\Chinchilla.suo">
</Event><Event ErrorLevel="0" Project="Chinchilla" Source="Chinchilla\Chinchilla.csproj" Description="Project file successfully backed up as D:\chinchilla\Backup\Chinchilla\Chinchilla.csproj">
</Event><Event ErrorLevel="0" Project="Chinchilla" Source="Chinchilla\App.xaml.cs" Description="File successfully backed up as D:\chinchilla\Backup\Chinchilla\App.xaml.cs">
</Event><Event ErrorLevel="0" Project="Chinchilla" Source="Chinchilla\Window1.xaml.cs" Description="File successfully backed up as D:\chinchilla\Backup\Chinchilla\Window1.xaml.cs">
</Event><Event ErrorLevel="0" Project="Chinchilla" Source="Chinchilla\Properties\AssemblyInfo.cs" Description="File successfully backed up as D:\chinchilla\Backup\Chinchilla\Properties\AssemblyInfo.cs">
</Event><Event ErrorLevel="0" Project="Chinchilla" Source="Chinchilla\Properties\Resources.Designer.cs" Description="File successfully backed up as D:\chinchilla\Backup\Chinchilla\Properties\Resources.Designer.cs">
</Event><Event ErrorLevel="0" Project="Chinchilla" Source="Chinchilla\Properties\Settings.Designer.cs" Description="File successfully backed up as D:\chinchilla\Backup\Chinchilla\Properties\Settings.Designer.cs">
</Event><Event ErrorLevel="0" Project="Chinchilla" Source="Chinchilla\Properties\Settings.settings" Description="File successfully backed up as D:\chinchilla\Backup\Chinchilla\Properties\Settings.settings">
</Event><Event ErrorLevel="0" Project="Chinchilla" Source="Chinchilla\Properties\Resources.resx" Description="File successfully backed up as D:\chinchilla\Backup\Chinchilla\Properties\Resources.resx">
</Event><Event ErrorLevel="0" Project="Chinchilla" Source="Chinchilla\App.xaml" Description="File successfully backed up as D:\chinchilla\Backup\Chinchilla\App.xaml">
</Event><Event ErrorLevel="0" Project="Chinchilla" Source="Chinchilla\Window1.xaml" Description="File successfully backed up as D:\chinchilla\Backup\Chinchilla\Window1.xaml">
</Event><Event ErrorLevel="0" Project="Chinchilla" Source="Chinchilla\Chinchilla.csproj" Description="Project converted successfully">
</Event><Event ErrorLevel="3" Project="Chinchilla" Source="Chinchilla\Chinchilla.csproj" Description="Converted">
</Event><Event ErrorLevel="0" Project="" Source="Chinchilla.sln" Description="Solution converted successfully">
</Event><Event ErrorLevel="3" Project="" Source="Chinchilla.sln" Description="Converted">
</Event><Event ErrorLevel="0" Project="Chinchilla" Source="Chinchilla\Chinchilla.csproj" Description="Scan complete: Upgrade not required for project files.">
</Event></UpgradeLog>